{
  "1": {
    "avg_gap": 5.062271062271062,
    "max_gap": 31,
    "min_gap": 1,
    "count": 2184
  },
  "2": {
    "avg_gap": 5.310172570390554,
    "max_gap": 35,
    "min_gap": 1,
    "count": 2202
  },
  "3": {
    "avg_gap": 5.28421052631579,
    "max_gap": 38,
    "min_gap": 1,
    "count": 2185
  },
  "4": {
    "avg_gap": 5.451275045537341,
    "max_gap": 41,
    "min_gap": 1,
    "count": 2196
  },
  "5": {
    "avg_gap": 4.828953434762563,
    "max_gap": 32,
    "min_gap": 1,
    "count": 2169
  },
  "6": {
    "avg_gap": 5.389344262295082,
    "max_gap": 29,
    "min_gap": 1,
    "count": 2196
  },
  "7": {
    "avg_gap": 4.727903748264692,
    "max_gap": 24,
    "min_gap": 1,
    "count": 2161
  },
  "8": {
    "avg_gap": 5.343101893597836,
    "max_gap": 31,
    "min_gap": 1,
    "count": 2218
  },
  "9": {
    "avg_gap": 4.920293174530463,
    "max_gap": 23,
    "min_gap": 1,
    "count": 2183
  },
  "10": {
    "avg_gap": 5.290072859744991,
    "max_gap": 37,
    "min_gap": 1,
    "count": 2196
  },
  "11": {
    "avg_gap": 10.330200245198203,
    "max_gap": 65,
    "min_gap": 1,
    "count": 2447
  },
  "12": {
    "avg_gap": 10.46718621821165,
    "max_gap": 63,
    "min_gap": 1,
    "count": 2438
  },
  "13": {
    "avg_gap": 8.990814196242171,
    "max_gap": 54,
    "min_gap": 1,
    "count": 2395
  },
  "14": {
    "avg_gap": 9.83931484502447,
    "max_gap": 51,
    "min_gap": 1,
    "count": 2452
  },
  "15": {
    "avg_gap": 9.35865504358655,
    "max_gap": 44,
    "min_gap": 1,
    "count": 2409
  },
  "16": {
    "avg_gap": 9.430613961312027,
    "max_gap": 45,
    "min_gap": 1,
    "count": 2378
  },
  "17": {
    "avg_gap": 9.412056151940545,
    "max_gap": 56,
    "min_gap": 1,
    "count": 2422
  },
  "18": {
    "avg_gap": 10.874847125968202,
    "max_gap": 66,
    "min_gap": 1,
    "count": 2453
  },
  "19": {
    "avg_gap": 13.294762484774665,
    "max_gap": 114,
    "min_gap": 1,
    "count": 2463
  },
  "20": {
    "avg_gap": 9.557511256651658,
    "max_gap": 57,
    "min_gap": 1,
    "count": 2443
  },
  "21": {
    "avg_gap": 10.629766297662977,
    "max_gap": 63,
    "min_gap": 1,
    "count": 2439
  },
  "22": {
    "avg_gap": 8.691670120182346,
    "max_gap": 49,
    "min_gap": 1,
    "count": 2413
  },
  "23": {
    "avg_gap": 9.351050679851669,
    "max_gap": 51,
    "min_gap": 1,
    "count": 2427
  },
  "24": {
    "avg_gap": 9.81922760887428,
    "max_gap": 63,
    "min_gap": 1,
    "count": 2434
  },
  "25": {
    "avg_gap": 9.858958589585896,
    "max_gap": 50,
    "min_gap": 1,
    "count": 2439
  },
  "26": {
    "avg_gap": 8.808933002481389,
    "max_gap": 49,
    "min_gap": 1,
    "count": 2418
  },
  "27": {
    "avg_gap": 9.709889208042675,
    "max_gap": 63,
    "min_gap": 1,
    "count": 2437
  },
  "28": {
    "avg_gap": 9.644590703414233,
    "max_gap": 52,
    "min_gap": 1,
    "count": 2431
  },
  "29": {
    "avg_gap": 8.2008316008316,
    "max_gap": 36,
    "min_gap": 1,
    "count": 2405
  },
  "30": {
    "avg_gap": 9.040909090909091,
    "max_gap": 46,
    "min_gap": 1,
    "count": 2420
  },
  "31": {
    "avg_gap": 9.490488006617039,
    "max_gap": 66,
    "min_gap": 1,
    "count": 2418
  },
  "32": {
    "avg_gap": 9.52842535787321,
    "max_gap": 64,
    "min_gap": 1,
    "count": 2445
  },
  "33": {
    "avg_gap": 9.111292962356792,
    "max_gap": 39,
    "min_gap": 1,
    "count": 2444
  },
  "34": {
    "avg_gap": 11.384615384615385,
    "max_gap": 92,
    "min_gap": 1,
    "count": 2431
  },
  "35": {
    "avg_gap": 9.767365392519523,
    "max_gap": 66,
    "min_gap": 1,
    "count": 2433
  },
  "36": {
    "avg_gap": 9.895627062706271,
    "max_gap": 48,
    "min_gap": 1,
    "count": 2424
  },
  "37": {
    "avg_gap": 9.958230958230958,
    "max_gap": 75,
    "min_gap": 1,
    "count": 2442
  },
  "38": {
    "avg_gap": 8.599917081260365,
    "max_gap": 55,
    "min_gap": 1,
    "count": 2412
  },
  "39": {
    "avg_gap": 10.256389452332657,
    "max_gap": 63,
    "min_gap": 1,
    "count": 2465
  },
  "40": {
    "avg_gap": 9.135934291581108,
    "max_gap": 50,
    "min_gap": 1,
    "count": 2435
  },
  "41": {
    "avg_gap": 8.255620316402997,
    "max_gap": 39,
    "min_gap": 1,
    "count": 2402
  },
  "42": {
    "avg_gap": 10.678895300906843,
    "max_gap": 52,
    "min_gap": 1,
    "count": 2426
  },
  "43": {
    "avg_gap": 9.85924713584288,
    "max_gap": 44,
    "min_gap": 1,
    "count": 2444
  },
  "44": {
    "avg_gap": 9.908083709478868,
    "max_gap": 63,
    "min_gap": 1,
    "count": 2437
  },
  "45": {
    "avg_gap": 10.11358024691358,
    "max_gap": 73,
    "min_gap": 1,
    "count": 2430
  },
  "46": {
    "avg_gap": 9.075286415711947,
    "max_gap": 42,
    "min_gap": 1,
    "count": 2444
  },
  "47": {
    "avg_gap": 10.991789819376026,
    "max_gap": 67,
    "min_gap": 1,
    "count": 2436
  },
  "48": {
    "avg_gap": 10.87713588283157,
    "max_gap": 66,
    "min_gap": 1,
    "count": 2458
  },
  "49": {
    "avg_gap": 9.656108597285067,
    "max_gap": 56,
    "min_gap": 1,
    "count": 2431
  }
}