{
  "1": {
    "avg_gap": 5.074817518248175,
    "max_gap": 31,
    "min_gap": 1,
    "count": 2192
  },
  "2": {
    "avg_gap": 5.308284291534631,
    "max_gap": 35,
    "min_gap": 1,
    "count": 2209
  },
  "3": {
    "avg_gap": 5.280109489051095,
    "max_gap": 38,
    "min_gap": 1,
    "count": 2192
  },
  "4": {
    "avg_gap": 5.447272727272727,
    "max_gap": 41,
    "min_gap": 1,
    "count": 2200
  },
  "5": {
    "avg_gap": 4.846118511713367,
    "max_gap": 32,
    "min_gap": 1,
    "count": 2177
  },
  "6": {
    "avg_gap": 5.3822060826146165,
    "max_gap": 29,
    "min_gap": 1,
    "count": 2203
  },
  "7": {
    "avg_gap": 4.7250922509225095,
    "max_gap": 24,
    "min_gap": 1,
    "count": 2168
  },
  "8": {
    "avg_gap": 5.3340827338129495,
    "max_gap": 31,
    "min_gap": 1,
    "count": 2224
  },
  "9": {
    "avg_gap": 4.9113750571037,
    "max_gap": 23,
    "min_gap": 1,
    "count": 2189
  },
  "10": {
    "avg_gap": 5.312613430127041,
    "max_gap": 37,
    "min_gap": 1,
    "count": 2204
  },
  "11": {
    "avg_gap": 10.324236252545825,
    "max_gap": 65,
    "min_gap": 1,
    "count": 2455
  },
  "12": {
    "avg_gap": 10.460752248569092,
    "max_gap": 63,
    "min_gap": 1,
    "count": 2446
  },
  "13": {
    "avg_gap": 9.012484394506867,
    "max_gap": 54,
    "min_gap": 1,
    "count": 2403
  },
  "14": {
    "avg_gap": 9.820585842148088,
    "max_gap": 51,
    "min_gap": 1,
    "count": 2458
  },
  "15": {
    "avg_gap": 9.361754966887418,
    "max_gap": 44,
    "min_gap": 1,
    "count": 2416
  },
  "16": {
    "avg_gap": 9.418204697986576,
    "max_gap": 45,
    "min_gap": 1,
    "count": 2384
  },
  "17": {
    "avg_gap": 9.395387149917628,
    "max_gap": 56,
    "min_gap": 1,
    "count": 2428
  },
  "18": {
    "avg_gap": 10.86951219512195,
    "max_gap": 66,
    "min_gap": 1,
    "count": 2460
  },
  "19": {
    "avg_gap": 13.312145748987854,
    "max_gap": 114,
    "min_gap": 1,
    "count": 2470
  },
  "20": {
    "avg_gap": 9.541853817884851,
    "max_gap": 57,
    "min_gap": 1,
    "count": 2449
  },
  "21": {
    "avg_gap": 10.610793131643499,
    "max_gap": 63,
    "min_gap": 1,
    "count": 2446
  },
  "22": {
    "avg_gap": 8.675072343943778,
    "max_gap": 49,
    "min_gap": 1,
    "count": 2419
  },
  "23": {
    "avg_gap": 9.341683778234087,
    "max_gap": 51,
    "min_gap": 1,
    "count": 2435
  },
  "24": {
    "avg_gap": 9.806636624334288,
    "max_gap": 63,
    "min_gap": 1,
    "count": 2441
  },
  "25": {
    "avg_gap": 9.840556009811937,
    "max_gap": 50,
    "min_gap": 1,
    "count": 2446
  },
  "26": {
    "avg_gap": 8.809896907216494,
    "max_gap": 49,
    "min_gap": 1,
    "count": 2425
  },
  "27": {
    "avg_gap": 9.692842535787321,
    "max_gap": 63,
    "min_gap": 1,
    "count": 2445
  },
  "28": {
    "avg_gap": 9.653956539565396,
    "max_gap": 52,
    "min_gap": 1,
    "count": 2439
  },
  "29": {
    "avg_gap": 8.185815014516798,
    "max_gap": 36,
    "min_gap": 1,
    "count": 2411
  },
  "30": {
    "avg_gap": 9.032962505150392,
    "max_gap": 46,
    "min_gap": 1,
    "count": 2427
  },
  "31": {
    "avg_gap": 9.497319587628866,
    "max_gap": 66,
    "min_gap": 1,
    "count": 2425
  },
  "32": {
    "avg_gap": 9.509380097879282,
    "max_gap": 64,
    "min_gap": 1,
    "count": 2452
  },
  "33": {
    "avg_gap": 9.096247960848286,
    "max_gap": 39,
    "min_gap": 1,
    "count": 2452
  },
  "34": {
    "avg_gap": 11.388022969647253,
    "max_gap": 92,
    "min_gap": 1,
    "count": 2438
  },
  "35": {
    "avg_gap": 9.750819672131147,
    "max_gap": 66,
    "min_gap": 1,
    "count": 2440
  },
  "36": {
    "avg_gap": 9.876593994241054,
    "max_gap": 48,
    "min_gap": 1,
    "count": 2431
  },
  "37": {
    "avg_gap": 9.948550428746428,
    "max_gap": 75,
    "min_gap": 1,
    "count": 2449
  },
  "38": {
    "avg_gap": 8.59297520661157,
    "max_gap": 55,
    "min_gap": 1,
    "count": 2420
  },
  "39": {
    "avg_gap": 10.266882329154873,
    "max_gap": 63,
    "min_gap": 1,
    "count": 2473
  },
  "40": {
    "avg_gap": 9.143852459016394,
    "max_gap": 50,
    "min_gap": 1,
    "count": 2440
  },
  "41": {
    "avg_gap": 8.242009132420092,
    "max_gap": 39,
    "min_gap": 1,
    "count": 2409
  },
  "42": {
    "avg_gap": 10.665160230073953,
    "max_gap": 52,
    "min_gap": 1,
    "count": 2434
  },
  "43": {
    "avg_gap": 9.903752039151714,
    "max_gap": 44,
    "min_gap": 1,
    "count": 2452
  },
  "44": {
    "avg_gap": 9.887888707037643,
    "max_gap": 63,
    "min_gap": 1,
    "count": 2444
  },
  "45": {
    "avg_gap": 10.127973748974568,
    "max_gap": 73,
    "min_gap": 1,
    "count": 2438
  },
  "46": {
    "avg_gap": 9.15218278253774,
    "max_gap": 42,
    "min_gap": 1,
    "count": 2451
  },
  "47": {
    "avg_gap": 10.97092547092547,
    "max_gap": 67,
    "min_gap": 1,
    "count": 2442
  },
  "48": {
    "avg_gap": 10.992700729927007,
    "max_gap": 66,
    "min_gap": 1,
    "count": 2466
  },
  "49": {
    "avg_gap": 9.641919606234618,
    "max_gap": 56,
    "min_gap": 1,
    "count": 2438
  }
}